<?xml version="1.0" encoding="UTF-8" standalone="yes"?>
<addon id="video.plugin.repo" name="Video Plugin Repo" version="1.0.0" provider-name="MK">
    <extension point="xbmc.addon.repository" name="Video Plugin Repo">
        <dir>
            <info compressed="false">https://raw.githubusercontent.com/mkodi/video-plugin-repo/master/addons.xml</info>
            <checksum>https://raw.githubusercontent.com/mkodi/video-plugin-repo/master/addons.xml.md5</checksum>
            <datadir zip="true">https://raw.githubusercontent.com/mkodi/video-plugin-repo/master/</datadir>
        </dir>
    </extension>
    <extension point="xbmc.addon.metadata">
        <summary>Vide Plugin Repo</summary>
        <description>Repo for video plugin addons</description>
        <disclaimer></disclaimer>
        <platform>all</platform>
        <assets>
            <icon>icon.png</icon>
            <fanart>fanart.jpg</fanart>
        </assets>
    </extension>
</addon>
